{
    "tUid": "b4eac328699641959ce2cbb27efa95e6.ctable0",
    "pUids": [],
    "cUids": [
        "0.t0.c0"
    ],
    "isExternal": false,
    "nColumns": 5,
    "nRows": 16,
    "fields": [
        {
            "name": "<erased_for_privacy_concerns>",
            "index": 0,
            "type": 1,
            "dataFeatures": {
                "commonPrefix": 0.3125,
                "commonSuffix": 0.5625,
                "keyEntropy": 4,
                "charEntropy": 4.751413315173028,
                "changeRate": 1,
                "cardinality": 1,
                "major": 0.0625,
                "medianLength": 23,
                "lengthVariance": 28.33984375,
                "averageLogLength": 1.1319639724960053,
                "absoluteCardinality": 16,
                "nRows": 16
            },
            "inHeaderRegion": false,
            "isPercent": false,
            "isCurrency": false,
            "hasYear": false,
            "hasMonth": false,
            "hasDay": false
        },
        {
            "name": "<erased_for_privacy_concerns>",
            "index": 1,
            "type": 5,
            "dataFeatures": {
                "aggrPercentFormatted": 0,
                "aggr01Ranged": 0,
                "aggr0100Ranged": 1,
                "aggrIntegers": 0,
                "aggrNegative": 0,
                "commonPrefix": 0.38461538461538464,
                "commonSuffix": 0.3076923076923077,
                "keyEntropy": 3.7004397181410926,
                "charEntropy": 3.4251845672870123,
                "range": 76.23813120343188,
                "changeRate": 1,
                "partialOrdered": 0.75,
                "variance": 21.76653411210232,
                "cov": 0.5132382199365428,
                "cardinality": 1,
                "spread": 0.012946973009564058,
                "major": 0.07692307692307693,
                "benford": 0.37833579837409115,
                "orderedConfidence": 0.004735728258648914,
                "equalProgressionConfidence": 0.0630855493817175,
                "geometricProgressionConfidence": 0.07847673496612384,
                "medianLength": 18,
                "lengthVariance": 0.23668639053254428,
                "sumIn01": 0,
                "sumIn0100": 0,
                "absoluteCardinality": 13,
                "skewness": 0.5826182550606307,
                "kurtosis": 0.18676852593944238,
                "gini": 0.320724355292635,
                "nRows": 16
            },
            "inHeaderRegion": false,
            "isPercent": false,
            "isCurrency": false,
            "hasYear": false,
            "hasMonth": false,
            "hasDay": false
        },
        {
            "name": "<erased_for_privacy_concerns>",
            "index": 2,
            "type": 5,
            "dataFeatures": {
                "aggrPercentFormatted": 0,
                "aggr01Ranged": 0,
                "aggr0100Ranged": 1,
                "aggrIntegers": 0,
                "aggrNegative": 0,
                "commonPrefix": 0.6153846153846154,
                "commonSuffix": 0.3076923076923077,
                "keyEntropy": 3.7004397181410926,
                "charEntropy": 3.4107534368271923,
                "range": 15.747373721280072,
                "changeRate": 1,
                "partialOrdered": 0.5833333333333334,
                "variance": 4.171076852758524,
                "cov": 0.21621878714125417,
                "cardinality": 1,
                "spread": 0.05971085476699841,
                "major": 0.07692307692307693,
                "benford": 0.4855809550479976,
                "orderedConfidence": 0.05262602265915545,
                "equalProgressionConfidence": 0.0728253907132282,
                "geometricProgressionConfidence": 0.0905779394962731,
                "medianLength": 18,
                "lengthVariance": 0.17751479289940827,
                "sumIn01": 0,
                "sumIn0100": 0,
                "absoluteCardinality": 13,
                "skewness": -1.2629007305532387,
                "kurtosis": 0.2722665812210916,
                "gini": 0.15121123162282035,
                "nRows": 16
            },
            "inHeaderRegion": false,
            "isPercent": false,
            "isCurrency": false,
            "hasYear": false,
            "hasMonth": false,
            "hasDay": false
        },
        {
            "name": "<erased_for_privacy_concerns>",
            "index": 3,
            "type": 5,
            "dataFeatures": {
                "aggrPercentFormatted": 0,
                "aggr01Ranged": 0,
                "aggr0100Ranged": 1,
                "aggrIntegers": 0,
                "aggrNegative": 0,
                "commonPrefix": 0.38461538461538464,
                "commonSuffix": 0.3076923076923077,
                "keyEntropy": 3.7004397181410926,
                "charEntropy": 3.418883797378265,
                "range": 76.23813120343188,
                "changeRate": 1,
                "partialOrdered": 0.75,
                "variance": 21.76653411210232,
                "cov": 0.3779581288598546,
                "cardinality": 1,
                "spread": 0.012946973009564058,
                "major": 0.07692307692307693,
                "benford": 0.41182461654556224,
                "orderedConfidence": 0.006810255603717901,
                "equalProgressionConfidence": 0.06434429126145413,
                "geometricProgressionConfidence": 0.08330451386448406,
                "medianLength": 18,
                "lengthVariance": 0.21301775147928986,
                "sumIn01": 0,
                "sumIn0100": 0,
                "absoluteCardinality": 13,
                "skewness": -0.5826182550606298,
                "kurtosis": 0.18676852593944226,
                "gini": 0.2463251034730911,
                "nRows": 16
            },
            "inHeaderRegion": false,
            "isPercent": false,
            "isCurrency": false,
            "hasYear": false,
            "hasMonth": false,
            "hasDay": false
        },
        {
            "name": "<erased_for_privacy_concerns>",
            "index": 4,
            "type": 5,
            "dataFeatures": {
                "aggrPercentFormatted": 0,
                "aggr01Ranged": 0,
                "aggr0100Ranged": 1,
                "aggrIntegers": 0,
                "aggrNegative": 0,
                "commonPrefix": 0.6153846153846154,
                "commonSuffix": 0.3076923076923077,
                "keyEntropy": 3.7004397181410926,
                "charEntropy": 3.427248427022387,
                "range": 15.74737372128007,
                "changeRate": 1,
                "partialOrdered": 0.5833333333333334,
                "variance": 4.171076852758524,
                "cov": 0.051680443416928804,
                "cardinality": 1,
                "spread": 0.05971085476699841,
                "major": 0.07692307692307693,
                "benford": 0.7313451900315258,
                "orderedConfidence": 0.014195805987075885,
                "equalProgressionConfidence": 0.10608582372028784,
                "geometricProgressionConfidence": 0.1422906019900949,
                "medianLength": 18,
                "lengthVariance": 0.07100591715976329,
                "sumIn01": 0,
                "sumIn0100": 0,
                "absoluteCardinality": 13,
                "skewness": 1.262900730553237,
                "kurtosis": 0.2722665812210914,
                "gini": 0.06541088090647133,
                "nRows": 16
            },
            "inHeaderRegion": false,
            "isPercent": false,
            "isCurrency": false,
            "hasYear": false,
            "hasMonth": false,
            "hasDay": false
        }
    ]
}