{"tUid": "6a99c4122ef04361a6177431bb78bcf2.ctable0", "pUids": [], "cUids": ["0.t1.c0"], "isExternal": false, "nColumns": 5, "nRows": 16, "fields": [{"name": "<erased_for_privacy_concerns>", "index": 0, "type": 1, "dataFeatures": {"commonPrefix": 0.3125, "commonSuffix": 0.5625, "keyEntropy": 4.0, "charEntropy": 4.751413315173028, "changeRate": 1.0, "cardinality": 1.0, "major": 0.0625, "medianLength": 23.0, "lengthVariance": 28.33984375, "averageLogLength": 1.1319639724960053, "absoluteCardinality": 16, "nRows": 16}, "inHeaderRegion": false, "isPercent": false, "isCurrency": false, "hasYear": false, "hasMonth": false, "hasDay": false}, {"name": "<erased_for_privacy_concerns>", "index": 1, "type": 5, "dataFeatures": {"aggrPercentFormatted": 0.0, "aggr01Ranged": 0.0, "aggr0100Ranged": 1.0, "aggrIntegers": 0.0, "aggrNegative": 0.0, "commonPrefix": 0.38461538461538464, "commonSuffix": 0.3076923076923077, "keyEntropy": 3.7004397181410926, "charEntropy": 3.4068749572343866, "range": 69.16984217866974, "changeRate": 1.0, "partialOrdered": 0.75, "variance": 20.131216947051733, "cov": 0.5133743873059705, "cardinality": 1.0, "spread": 0.014251136513229618, "major": 0.07692307692307693, "benford": 0.32985847781225114, "orderedConfidence": 0.006037926681135943, "equalProgressionConfidence": 0.06319178186945562, "geometricProgressionConfidence": 0.0793015903804225, "medianLength": 18.0, "lengthVariance": 0.07100591715976332, "sumIn01": 0, "sumIn0100": 0, "absoluteCardinality": 13, "skewness": 0.6297291771376812, "kurtosis": 0.1859495860018316, "gini": 0.3197482684224797, "nRows": 16}, "inHeaderRegion": false, "isPercent": false, "isCurrency": false, "hasYear": false, "hasMonth": false, "hasDay": false}, {"name": "<erased_for_privacy_concerns>", "index": 2, "type": 5, "dataFeatures": {"aggrPercentFormatted": 0.0, "aggr01Ranged": 0.0, "aggr0100Ranged": 1.0, "aggrIntegers": 0.0, "aggrNegative": 0.0, "commonPrefix": 0.46153846153846156, "commonSuffix": 0.3076923076923077, "keyEntropy": 3.7004397181410926, "charEntropy": 3.415064108740252, "range": 12.518500866478844, "changeRate": 1.0, "partialOrdered": 0.5833333333333334, "variance": 3.095563537545588, "cov": 0.16760044426189386, "cardinality": 1.0, "spread": 0.07397269933085927, "major": 0.07692307692307693, "benford": 0.3872854855752771, "orderedConfidence": 0.044731389020034894, "equalProgressionConfidence": 0.07620812669649832, "geometricProgressionConfidence": 0.09551227353510644, "medianLength": 18.0, "lengthVariance": 0.0, "sumIn01": 0, "sumIn0100": 0, "absoluteCardinality": 13, "skewness": -1.6572324748788654, "kurtosis": 0.3796060272776757, "gini": 0.12173975982370351, "nRows": 16}, "inHeaderRegion": false, "isPercent": false, "isCurrency": false, "hasYear": false, "hasMonth": false, "hasDay": false}, {"name": "<erased_for_privacy_concerns>", "index": 3, "type": 5, "dataFeatures": {"aggrPercentFormatted": 0.0, "aggr01Ranged": 0.0, "aggr0100Ranged": 1.0, "aggrIntegers": 0.0, "aggrNegative": 0.0, "commonPrefix": 0.38461538461538464, "commonSuffix": 0.3076923076923077, "keyEntropy": 3.7004397181410926, "charEntropy": 3.4176546322658776, "range": 69.16984217866974, "changeRate": 1.0, "partialOrdered": 0.75, "variance": 20.131216947051733, "cov": 0.3311791872018835, "cardinality": 1.0, "spread": 0.014251136513229618, "major": 0.07692307692307693, "benford": 0.4831376615417184, "orderedConfidence": 0.006058531504441934, "equalProgressionConfidence": 0.06625146319339727, "geometricProgressionConfidence": 0.0886749929549799, "medianLength": 18.0, "lengthVariance": 0.1301775147928994, "sumIn01": 0, "sumIn0100": 0, "absoluteCardinality": 13, "skewness": -0.6297291771376823, "kurtosis": 0.18594958600183156, "gini": 0.21992035857914424, "nRows": 16}, "inHeaderRegion": false, "isPercent": false, "isCurrency": false, "hasYear": false, "hasMonth": false, "hasDay": false}, {"name": "<erased_for_privacy_concerns>", "index": 4, "type": 5, "dataFeatures": {"aggrPercentFormatted": 0.0, "aggr01Ranged": 0.0, "aggr0100Ranged": 1.0, "aggrIntegers": 0.0, "aggrNegative": 0.0, "commonPrefix": 0.46153846153846156, "commonSuffix": 0.23076923076923078, "keyEntropy": 3.7004397181410926, "charEntropy": 3.4154353358226945, "range": 12.518500866478846, "changeRate": 1.0, "partialOrdered": 0.5833333333333334, "variance": 3.095563537545587, "cov": 0.03796835228221047, "cardinality": 1.0, "spread": 0.07397269933085926, "major": 0.07692307692307693, "benford": 0.6997730739529678, "orderedConfidence": 0.023148402361540445, "equalProgressionConfidence": 0.11177853226104276, "geometricProgressionConfidence": 0.14828939814030329, "medianLength": 18.0, "lengthVariance": 0.0710059171597633, "sumIn01": 0, "sumIn0100": 0, "absoluteCardinality": 13, "skewness": 1.6572324748788632, "kurtosis": 0.3796060272776758, "gini": 0.05732746008865374, "nRows": 16}, "inHeaderRegion": false, "isPercent": false, "isCurrency": false, "hasYear": false, "hasMonth": false, "hasDay": false}]}